問題集ページ,問題番号,必要な学習内容,アプリの対応問題ID,印刷教材の対応箇所,検証状態,注記
26,3,原設問未確認のため学習要求を特定できず,,,unreviewed,正答番号の受領のみ。番号から内容を推測していない。
26,4-1,原設問未確認のため学習要求を特定できず,,,unreviewed,正答番号の受領のみ。番号から内容を推測していない。
26,4-2,原設問未確認のため学習要求を特定できず,,,unreviewed,正答番号の受領のみ。番号から内容を推測していない。
26,4-3,原設問未確認のため学習要求を特定できず,,,unreviewed,正答番号の受領のみ。番号から内容を推測していない。
27,4,原設問未確認のため学習要求を特定できず,,,unreviewed,正答番号の受領のみ。番号から内容を推測していない。
27,5,原設問未確認のため学習要求を特定できず,,,unreviewed,正答番号の受領のみ。番号から内容を推測していない。
27,6,原設問未確認のため学習要求を特定できず,,,unreviewed,正答番号の受領のみ。番号から内容を推測していない。
27,7,原設問未確認のため学習要求を特定できず,,,unreviewed,正答番号の受領のみ。番号から内容を推測していない。
27,8,原設問未確認のため学習要求を特定できず,,,unreviewed,正答番号の受領のみ。番号から内容を推測していない。
33,1,原設問未確認のため学習要求を特定できず,,,unreviewed,正答番号の受領のみ。番号から内容を推測していない。
33,2,原設問未確認のため学習要求を特定できず,,,unreviewed,正答番号の受領のみ。番号から内容を推測していない。
33,3,原設問未確認のため学習要求を特定できず,,,unreviewed,正答番号の受領のみ。番号から内容を推測していない。
33,4,原設問未確認のため学習要求を特定できず,,,unreviewed,正答番号の受領のみ。番号から内容を推測していない。
33,5,原設問未確認のため学習要求を特定できず,,,unreviewed,正答番号の受領のみ。番号から内容を推測していない。
34,6,原設問未確認のため学習要求を特定できず,,,unreviewed,正答番号の受領のみ。番号から内容を推測していない。
34,7,原設問未確認のため学習要求を特定できず,,,unreviewed,正答番号の受領のみ。番号から内容を推測していない。
34,8,原設問未確認のため学習要求を特定できず,,,unreviewed,正答番号の受領のみ。番号から内容を推測していない。
34,9,原設問未確認のため学習要求を特定できず,,,unreviewed,正答番号の受領のみ。番号から内容を推測していない。
34,10,原設問未確認のため学習要求を特定できず,,,unreviewed,正答番号の受領のみ。番号から内容を推測していない。
34,11,原設問未確認のため学習要求を特定できず,,,unreviewed,正答番号の受領のみ。番号から内容を推測していない。
35,12,原設問未確認のため学習要求を特定できず,,,unreviewed,正答番号の受領のみ。番号から内容を推測していない。
35,2-1,原設問未確認のため学習要求を特定できず,,,unreviewed,正答番号の受領のみ。番号から内容を推測していない。
35,2-2,原設問未確認のため学習要求を特定できず,,,unreviewed,正答番号の受領のみ。番号から内容を推測していない。
35,2-3,原設問未確認のため学習要求を特定できず,,,unreviewed,正答番号の受領のみ。番号から内容を推測していない。
35,2-4,原設問未確認のため学習要求を特定できず,,,unreviewed,正答番号の受領のみ。番号から内容を推測していない。
36,2-5,原設問未確認のため学習要求を特定できず,,,unreviewed,正答番号の受領のみ。番号から内容を推測していない。
36,2-6,原設問未確認のため学習要求を特定できず,,,unreviewed,正答番号の受領のみ。番号から内容を推測していない。
36,2-7,原設問未確認のため学習要求を特定できず,,,unreviewed,正答番号の受領のみ。番号から内容を推測していない。
36,3-1,原設問未確認のため学習要求を特定できず,,,unreviewed,正答番号の受領のみ。番号から内容を推測していない。
36,3-2,原設問未確認のため学習要求を特定できず,,,unreviewed,正答番号の受領のみ。番号から内容を推測していない。
36,3-3,原設問未確認のため学習要求を特定できず,,,unreviewed,正答番号の受領のみ。番号から内容を推測していない。
37,4,原設問未確認のため学習要求を特定できず,,,unreviewed,正答番号の受領のみ。番号から内容を推測していない。
37,5,原設問未確認のため学習要求を特定できず,,,unreviewed,正答番号の受領のみ。番号から内容を推測していない。
37,6,原設問未確認のため学習要求を特定できず,,,unreviewed,正答番号の受領のみ。番号から内容を推測していない。
37,7,原設問未確認のため学習要求を特定できず,,,unreviewed,正答番号の受領のみ。番号から内容を推測していない。
38,8,婚姻と法改正の時点,S06-R;S06-A;S06-J;S06-O1,S06,partial,訂正された論点のみ。設問全体・誤選択肢・資料読解は未確認。
38,9,原設問未確認のため学習要求を特定できず,,,unreviewed,正答番号の受領のみ。番号から内容を推測していない。
38,10,原設問未確認のため学習要求を特定できず,,,unreviewed,正答番号の受領のみ。番号から内容を推測していない。
38,11,原設問未確認のため学習要求を特定できず,,,unreviewed,正答番号の受領のみ。番号から内容を推測していない。
38,12,原設問未確認のため学習要求を特定できず,,,unreviewed,正答番号の受領のみ。番号から内容を推測していない。
39,13,原設問未確認のため学習要求を特定できず,,,unreviewed,正答番号の受領のみ。番号から内容を推測していない。
39,14,原設問未確認のため学習要求を特定できず,,,unreviewed,正答番号の受領のみ。番号から内容を推測していない。
39,15,原設問未確認のため学習要求を特定できず,,,unreviewed,正答番号の受領のみ。番号から内容を推測していない。
39,16,原設問未確認のため学習要求を特定できず,,,unreviewed,正答番号の受領のみ。番号から内容を推測していない。
39,17,原設問未確認のため学習要求を特定できず,,,unreviewed,正答番号の受領のみ。番号から内容を推測していない。
39,18,原設問未確認のため学習要求を特定できず,,,unreviewed,正答番号の受領のみ。番号から内容を推測していない。
40,19,原設問未確認のため学習要求を特定できず,,,unreviewed,正答番号の受領のみ。番号から内容を推測していない。
40,20,原設問未確認のため学習要求を特定できず,,,unreviewed,正答番号の受領のみ。番号から内容を推測していない。
40,21,原設問未確認のため学習要求を特定できず,,,unreviewed,正答番号の受領のみ。番号から内容を推測していない。
40,22,社会権と自由権,S05-R;S05-A;S05-J,S05,partial,訂正された論点のみ。設問全体・誤選択肢・資料読解は未確認。
40,23,原設問未確認のため学習要求を特定できず,,,unreviewed,正答番号の受領のみ。番号から内容を推測していない。
41,24,原設問未確認のため学習要求を特定できず,,,unreviewed,正答番号の受領のみ。番号から内容を推測していない。
41,25,原設問未確認のため学習要求を特定できず,,,unreviewed,正答番号の受領のみ。番号から内容を推測していない。
41,26,原設問未確認のため学習要求を特定できず,,,unreviewed,正答番号の受領のみ。番号から内容を推測していない。
41,27,原設問未確認のため学習要求を特定できず,,,unreviewed,正答番号の受領のみ。番号から内容を推測していない。
42,4-1,原設問未確認のため学習要求を特定できず,,,unreviewed,正答番号の受領のみ。番号から内容を推測していない。
42,4-2,原設問未確認のため学習要求を特定できず,,,unreviewed,正答番号の受領のみ。番号から内容を推測していない。
43,4-3,婚姻と法改正の時点／父母両系血統主義,S06-R;S06-A;S06-J;S07-R;S07-A;S07-J;S06-O1,S06;S07,partial,訂正された論点のみ。設問全体・誤選択肢・資料読解は未確認。
43,4-4,原設問未確認のため学習要求を特定できず,,,unreviewed,正答番号の受領のみ。番号から内容を推測していない。
43,4-5,原設問未確認のため学習要求を特定できず,,,unreviewed,正答番号の受領のみ。番号から内容を推測していない。
43,4-6,原設問未確認のため学習要求を特定できず,,,unreviewed,正答番号の受領のみ。番号から内容を推測していない。
44,7,原設問未確認のため学習要求を特定できず,,,unreviewed,正答番号の受領のみ。番号から内容を推測していない。
44,8,原設問未確認のため学習要求を特定できず,,,unreviewed,正答番号の受領のみ。番号から内容を推測していない。
44,9,原設問未確認のため学習要求を特定できず,,,unreviewed,正答番号の受領のみ。番号から内容を推測していない。
44,10,原設問未確認のため学習要求を特定できず,,,unreviewed,正答番号の受領のみ。番号から内容を推測していない。
44,11,原設問未確認のため学習要求を特定できず,,,unreviewed,正答番号の受領のみ。番号から内容を推測していない。
45,12,原設問未確認のため学習要求を特定できず,,,unreviewed,正答番号の受領のみ。番号から内容を推測していない。
45,13,原設問未確認のため学習要求を特定できず,,,unreviewed,正答番号の受領のみ。番号から内容を推測していない。
45,14,原設問未確認のため学習要求を特定できず,,,unreviewed,正答番号の受領のみ。番号から内容を推測していない。
45,15,原設問未確認のため学習要求を特定できず,,,unreviewed,正答番号の受領のみ。番号から内容を推測していない。
50,1,原設問未確認のため学習要求を特定できず,,,unreviewed,正答番号の受領のみ。番号から内容を推測していない。
50,2,原設問未確認のため学習要求を特定できず,,,unreviewed,正答番号の受領のみ。番号から内容を推測していない。
50,3,原設問未確認のため学習要求を特定できず,,,unreviewed,正答番号の受領のみ。番号から内容を推測していない。
50,4,原設問未確認のため学習要求を特定できず,,,unreviewed,正答番号の受領のみ。番号から内容を推測していない。
50,5,原設問未確認のため学習要求を特定できず,,,unreviewed,正答番号の受領のみ。番号から内容を推測していない。
51,6,原設問未確認のため学習要求を特定できず,,,unreviewed,正答番号の受領のみ。番号から内容を推測していない。
51,7,全国民の代表と議員特権,S12-R;S12-A;S12-J,S12,partial,訂正された論点のみ。設問全体・誤選択肢・資料読解は未確認。
51,8,原設問未確認のため学習要求を特定できず,,,unreviewed,正答番号の受領のみ。番号から内容を推測していない。
52,9,原設問未確認のため学習要求を特定できず,,,unreviewed,正答番号の受領のみ。番号から内容を推測していない。
52,10,原設問未確認のため学習要求を特定できず,,,unreviewed,正答番号の受領のみ。番号から内容を推測していない。
52,行政1,原設問未確認のため学習要求を特定できず,,,unreviewed,正答番号の受領のみ。番号から内容を推測していない。
52,行政2,原設問未確認のため学習要求を特定できず,,,unreviewed,正答番号の受領のみ。番号から内容を推測していない。
52,行政3,原設問未確認のため学習要求を特定できず,,,unreviewed,正答番号の受領のみ。番号から内容を推測していない。
53,行政4,原設問未確認のため学習要求を特定できず,,,unreviewed,正答番号の受領のみ。番号から内容を推測していない。
53,行政5,原設問未確認のため学習要求を特定できず,,,unreviewed,正答番号の受領のみ。番号から内容を推測していない。
53,行政6,原設問未確認のため学習要求を特定できず,,,unreviewed,正答番号の受領のみ。番号から内容を推測していない。
53,行政7,原設問未確認のため学習要求を特定できず,,,unreviewed,正答番号の受領のみ。番号から内容を推測していない。
53,行政8,原設問未確認のため学習要求を特定できず,,,unreviewed,正答番号の受領のみ。番号から内容を推測していない。
54,行政9,原設問未確認のため学習要求を特定できず,,,unreviewed,正答番号の受領のみ。番号から内容を推測していない。
54,行政10,原設問未確認のため学習要求を特定できず,,,unreviewed,正答番号の受領のみ。番号から内容を推測していない。
54,行政11,原設問未確認のため学習要求を特定できず,,,unreviewed,正答番号の受領のみ。番号から内容を推測していない。
54,司法1,原設問未確認のため学習要求を特定できず,,,unreviewed,正答番号の受領のみ。番号から内容を推測していない。
54,司法2,原設問未確認のため学習要求を特定できず,,,unreviewed,正答番号の受領のみ。番号から内容を推測していない。
55,司法3,原設問未確認のため学習要求を特定できず,,,unreviewed,正答番号の受領のみ。番号から内容を推測していない。
55,司法4,原設問未確認のため学習要求を特定できず,,,unreviewed,正答番号の受領のみ。番号から内容を推測していない。
55,司法5,原設問未確認のため学習要求を特定できず,,,unreviewed,正答番号の受領のみ。番号から内容を推測していない。
55,司法6,原設問未確認のため学習要求を特定できず,,,unreviewed,正答番号の受領のみ。番号から内容を推測していない。
55,司法7,原設問未確認のため学習要求を特定できず,,,unreviewed,正答番号の受領のみ。番号から内容を推測していない。
55,司法8,原設問未確認のため学習要求を特定できず,,,unreviewed,正答番号の受領のみ。番号から内容を推測していない。
56,9,原設問未確認のため学習要求を特定できず,,,unreviewed,正答番号の受領のみ。番号から内容を推測していない。
56,10,原設問未確認のため学習要求を特定できず,,,unreviewed,正答番号の受領のみ。番号から内容を推測していない。
56,11,原設問未確認のため学習要求を特定できず,,,unreviewed,正答番号の受領のみ。番号から内容を推測していない。
56,12,原設問未確認のため学習要求を特定できず,,,unreviewed,正答番号の受領のみ。番号から内容を推測していない。
57,13,原設問未確認のため学習要求を特定できず,,,unreviewed,正答番号の受領のみ。番号から内容を推測していない。
57,14,原設問未確認のため学習要求を特定できず,,,unreviewed,正答番号の受領のみ。番号から内容を推測していない。
57,15,原設問未確認のため学習要求を特定できず,,,unreviewed,正答番号の受領のみ。番号から内容を推測していない。
57,16,原設問未確認のため学習要求を特定できず,,,unreviewed,正答番号の受領のみ。番号から内容を推測していない。
58,17,司法消極主義の根拠,S27-R;S27-A;S27-J,S27,partial,訂正された論点のみ。設問全体・誤選択肢・資料読解は未確認。
58,18,原設問未確認のため学習要求を特定できず,,,unreviewed,正答番号の受領のみ。番号から内容を推測していない。
58,19,原設問未確認のため学習要求を特定できず,,,unreviewed,正答番号の受領のみ。番号から内容を推測していない。
58,20,原設問未確認のため学習要求を特定できず,,,unreviewed,正答番号の受領のみ。番号から内容を推測していない。
58,地方1,原設問未確認のため学習要求を特定できず,,,unreviewed,正答番号の受領のみ。番号から内容を推測していない。
59,地方2,原設問未確認のため学習要求を特定できず,,,unreviewed,正答番号の受領のみ。番号から内容を推測していない。
59,地方3,原設問未確認のため学習要求を特定できず,,,unreviewed,正答番号の受領のみ。番号から内容を推測していない。
59,地方4,原設問未確認のため学習要求を特定できず,,,unreviewed,正答番号の受領のみ。番号から内容を推測していない。
59,地方5,原設問未確認のため学習要求を特定できず,,,unreviewed,正答番号の受領のみ。番号から内容を推測していない。
60,地方6,原設問未確認のため学習要求を特定できず,,,unreviewed,正答番号の受領のみ。番号から内容を推測していない。
60,地方7,原設問未確認のため学習要求を特定できず,,,unreviewed,正答番号の受領のみ。番号から内容を推測していない。
60,地方8,地方交付税と国庫支出金,S21-R;S21-A;S21-J,S21,partial,訂正された論点のみ。設問全体・誤選択肢・資料読解は未確認。
60,地方9,原設問未確認のため学習要求を特定できず,,,unreviewed,正答番号の受領のみ。番号から内容を推測していない。
61,地方10,自治事務と法定受託事務,S20-R;S20-A;S20-J,S20,partial,訂正された論点のみ。設問全体・誤選択肢・資料読解は未確認。
61,地方11,原設問未確認のため学習要求を特定できず,,,unreviewed,正答番号の受領のみ。番号から内容を推測していない。
61,地方12,原設問未確認のため学習要求を特定できず,,,unreviewed,正答番号の受領のみ。番号から内容を推測していない。
62,地方13,原設問未確認のため学習要求を特定できず,,,unreviewed,正答番号の受領のみ。番号から内容を推測していない。
62,地方14,原設問未確認のため学習要求を特定できず,,,unreviewed,正答番号の受領のみ。番号から内容を推測していない。
62,地方15,原設問未確認のため学習要求を特定できず,,,unreviewed,正答番号の受領のみ。番号から内容を推測していない。
62,地方16,原設問未確認のため学習要求を特定できず,,,unreviewed,正答番号の受領のみ。番号から内容を推測していない。
63,地方17,原設問未確認のため学習要求を特定できず,,,unreviewed,正答番号の受領のみ。番号から内容を推測していない。
63,地方18,原設問未確認のため学習要求を特定できず,,,unreviewed,正答番号の受領のみ。番号から内容を推測していない。
63,地方19,原設問未確認のため学習要求を特定できず,,,unreviewed,正答番号の受領のみ。番号から内容を推測していない。
63,地方20,原設問未確認のため学習要求を特定できず,,,unreviewed,正答番号の受領のみ。番号から内容を推測していない。
67,1,原設問未確認のため学習要求を特定できず,,,unreviewed,正答番号の受領のみ。番号から内容を推測していない。
67,2,原設問未確認のため学習要求を特定できず,,,unreviewed,正答番号の受領のみ。番号から内容を推測していない。
67,3,原設問未確認のため学習要求を特定できず,,,unreviewed,正答番号の受領のみ。番号から内容を推測していない。
67,4,原設問未確認のため学習要求を特定できず,,,unreviewed,正答番号の受領のみ。番号から内容を推測していない。
68,5,原設問未確認のため学習要求を特定できず,,,unreviewed,正答番号の受領のみ。番号から内容を推測していない。
68,6,原設問未確認のため学習要求を特定できず,,,unreviewed,正答番号の受領のみ。番号から内容を推測していない。
68,7,原設問未確認のため学習要求を特定できず,,,unreviewed,正答番号の受領のみ。番号から内容を推測していない。
69,選政1,原設問未確認のため学習要求を特定できず,,,unreviewed,正答番号の受領のみ。番号から内容を推測していない。
69,選政2,原設問未確認のため学習要求を特定できず,,,unreviewed,正答番号の受領のみ。番号から内容を推測していない。
69,選政3,原設問未確認のため学習要求を特定できず,,,unreviewed,正答番号の受領のみ。番号から内容を推測していない。
69,選政4,原設問未確認のため学習要求を特定できず,,,unreviewed,正答番号の受領のみ。番号から内容を推測していない。
69,選政5,原設問未確認のため学習要求を特定できず,,,unreviewed,正答番号の受領のみ。番号から内容を推測していない。
69,選政6,原設問未確認のため学習要求を特定できず,,,unreviewed,正答番号の受領のみ。番号から内容を推測していない。
70,7,原設問未確認のため学習要求を特定できず,,,unreviewed,正答番号の受領のみ。番号から内容を推測していない。
70,8,原設問未確認のため学習要求を特定できず,,,unreviewed,正答番号の受領のみ。番号から内容を推測していない。
70,9,原設問未確認のため学習要求を特定できず,,,unreviewed,正答番号の受領のみ。番号から内容を推測していない。
70,10,原設問未確認のため学習要求を特定できず,,,unreviewed,正答番号の受領のみ。番号から内容を推測していない。
71,11,原設問未確認のため学習要求を特定できず,,,unreviewed,正答番号の受領のみ。番号から内容を推測していない。
71,12,小選挙区と比例代表の性質,S30-R;S30-A;S30-J,S30,partial,訂正された論点のみ。設問全体・誤選択肢・資料読解は未確認。
72,13,原設問未確認のため学習要求を特定できず,,,unreviewed,正答番号の受領のみ。番号から内容を推測していない。
73,1,原設問未確認のため学習要求を特定できず,,,unreviewed,正答番号の受領のみ。番号から内容を推測していない。
73,2,原設問未確認のため学習要求を特定できず,,,unreviewed,正答番号の受領のみ。番号から内容を推測していない。
73,3,原設問未確認のため学習要求を特定できず,,,unreviewed,正答番号の受領のみ。番号から内容を推測していない。
73,4,原設問未確認のため学習要求を特定できず,,,unreviewed,正答番号の受領のみ。番号から内容を推測していない。
74,5,原設問未確認のため学習要求を特定できず,,,unreviewed,正答番号の受領のみ。番号から内容を推測していない。
74,6,原設問未確認のため学習要求を特定できず,,,unreviewed,正答番号の受領のみ。番号から内容を推測していない。
74,7,明治憲法と日本国憲法／副知事等の解職手続,S03-R;S03-A;S03-J;S19-R;S19-A;S19-J;S19-C1,S03;S19,partial,訂正された論点のみ。設問全体・誤選択肢・資料読解は未確認。
74,8,原設問未確認のため学習要求を特定できず,,,unreviewed,正答番号の受領のみ。番号から内容を推測していない。
74,9,原設問未確認のため学習要求を特定できず,,,unreviewed,正答番号の受領のみ。番号から内容を推測していない。
75,10,原設問未確認のため学習要求を特定できず,,,unreviewed,正答番号の受領のみ。番号から内容を推測していない。
75,11,原設問未確認のため学習要求を特定できず,,,unreviewed,正答番号の受領のみ。番号から内容を推測していない。
75,12,原設問未確認のため学習要求を特定できず,,,unreviewed,正答番号の受領のみ。番号から内容を推測していない。
76,13,原設問未確認のため学習要求を特定できず,,,unreviewed,正答番号の受領のみ。番号から内容を推測していない。
76,14,原設問未確認のため学習要求を特定できず,,,unreviewed,正答番号の受領のみ。番号から内容を推測していない。
76,15,原設問未確認のため学習要求を特定できず,,,unreviewed,正答番号の受領のみ。番号から内容を推測していない。
76,16,原設問未確認のため学習要求を特定できず,,,unreviewed,正答番号の受領のみ。番号から内容を推測していない。
76,17,原設問未確認のため学習要求を特定できず,,,unreviewed,正答番号の受領のみ。番号から内容を推測していない。
77,18,原設問未確認のため学習要求を特定できず,,,unreviewed,正答番号の受領のみ。番号から内容を推測していない。
77,19,原設問未確認のため学習要求を特定できず,,,unreviewed,正答番号の受領のみ。番号から内容を推測していない。
77,20,原設問未確認のため学習要求を特定できず,,,unreviewed,正答番号の受領のみ。番号から内容を推測していない。
77,21,原設問未確認のため学習要求を特定できず,,,unreviewed,正答番号の受領のみ。番号から内容を推測していない。
78,22,原設問未確認のため学習要求を特定できず,,,unreviewed,正答番号の受領のみ。番号から内容を推測していない。
78,23,原設問未確認のため学習要求を特定できず,,,unreviewed,正答番号の受領のみ。番号から内容を推測していない。
78,24,原設問未確認のため学習要求を特定できず,,,unreviewed,正答番号の受領のみ。番号から内容を推測していない。
78,25,原設問未確認のため学習要求を特定できず,,,unreviewed,正答番号の受領のみ。番号から内容を推測していない。
78,26,原設問未確認のため学習要求を特定できず,,,unreviewed,正答番号の受領のみ。番号から内容を推測していない。
79,27,原設問未確認のため学習要求を特定できず,,,unreviewed,正答番号の受領のみ。番号から内容を推測していない。
79,28,原設問未確認のため学習要求を特定できず,,,unreviewed,正答番号の受領のみ。番号から内容を推測していない。
79,29,原設問未確認のため学習要求を特定できず,,,unreviewed,正答番号の受領のみ。番号から内容を推測していない。
